,A,B,C,D
2000-01-01,-1.4692736923527643,-1.7136875996536298,-2.1680081931793547,-0.42020064125200535
2000-01-02,-1.3903246072846858,-2.570950535246229,-2.021509420938159,-0.5857092108434614
2000-01-03,-1.9835035684118163,-3.5898681681664493,-1.8127700376285287,0.7156940427910687
2000-01-04,-2.054112666633708,-5.436174790884796,-2.035294899411904,1.8818218098255315
2000-01-05,0.1627243808278469,-6.4793242465749215,-0.6097064904276286,1.504569002597619
2000-01-06,0.37639624273032846,-5.919826914669494,-1.7609675203372945,2.5295142159127346
2000-01-07,1.3430910958091618,-5.027998470445129,-0.15153950590568632,3.9566156985299634
2000-01-08,2.118496071250455,-4.321926098756855,-0.7282985054839298,4.494507157084505
2000-01-09,4.055322631685764,-4.016506248966522,-1.6387320371942606,4.714253443909603
2000-01-10,4.098331540446246,-4.1416687906231555,-0.49676742795195294,4.877349071251407
2000-01-11,4.173866518448078,-3.45260796383066,-1.1430300528314974,5.142280857689098
2000-01-12,4.061092607917431,-3.3249259476579565,-0.8648550467322658,4.123955074586938
2000-01-13,2.569271314621853,-1.2583209979135828,-0.43632633943362037,4.930473529013643
2000-01-14,2.9178270142356006,-0.22899578180324043,-0.5486418308120975,5.738277798396773
2000-01-15,2.8482586074112866,0.14610189112721617,0.04476805321944455,8.396874384155579
2000-01-16,5.106691148634743,-1.5866756758901301,0.25742674154686496,7.452350224212129
2000-01-17,4.56085361881366,-2.2592782426281497,1.7442616689845063,8.164284916210681
2000-01-18,3.903814273857492,-3.3240873367860964,1.4329477545685538,8.317467933382165
2000-01-19,4.771401263552791,-4.298923628131593,-0.5361281282831638,6.972694027147833
2000-01-20,4.800346873543774,-3.523672094536134,0.3744944186535135,5.520406223550778
2000-01-21,3.3558136300875265,-3.352470969842536,-0.703507183146928,5.075794827954351
2000-01-22,3.102031840708583,-3.7912130975770837,0.05035460784144996,5.478659410454693
2000-01-23,4.622485881778241,-2.6608121329373535,-1.2640871995844138,5.966609162220626
2000-01-24,4.270642544889963,-1.6083520848683057,-1.700944428806768,6.005902838956992
2000-01-25,4.462804151912523,0.15293884863320573,-0.6905510838553592,6.931724399570165
2000-01-26,5.083842533605825,-1.7383868009751644,-2.5942345737506955,7.446189093297984
2000-01-27,5.64534634055829,-1.8231475091137335,-2.7671643724494843,7.495379804956531
2000-01-28,4.910613805788119,-2.9456043160983345,-4.128441081779849,7.145776396133548
2000-01-29,4.244455497076773,-3.554267272033439,-3.5683583398861067,6.787201739290222
2000-01-30,5.071079849954948,-3.564546111556612,-5.770414610169518,7.4303171281206115
2000-01-31,5.502252221757634,-3.2975484478208683,-5.737932845732392,8.187934161822293
2000-02-01,4.988473337085328,-2.935271988699205,-5.295496586615451,7.107029799967598
2000-02-02,6.447488987874978,-2.711483259997107,-5.4430273503140105,7.173443602305163
2000-02-03,6.444409519596098,-2.7742832036610605,-5.582373564824964,8.92557188522013
2000-02-04,6.1491825369162765,-3.585285878374691,-6.341867421466448,9.080047332508787
2000-02-05,4.885344643551768,-4.5931018927827525,-6.576720067604927,9.181144923619081
2000-02-06,5.364302856600736,-5.0198446410039645,-6.145708509117593,10.55615377432272
2000-02-07,5.055931693857917,-5.348093444711023,-5.6031249699466805,9.166430200707397
2000-02-08,5.323186584732391,-4.362252453064071,-6.099326393537214,10.209230312854379
2000-02-09,6.134917455387502,-3.9842122534091464,-3.148736592622746,10.180344419423376
2000-02-10,6.924470915003319,-4.843542984594048,-3.0910908801977532,10.502803396150393
2000-02-11,7.377085335310767,-5.133979195042025,-2.6625434582865206,11.436206599191163
2000-02-12,6.099149662791935,-6.414272552655665,-0.9447753229518714,10.753501489367851
2000-02-13,6.138047354543694,-6.838675003502173,-2.108006181635208,12.771591434394573
2000-02-14,4.715157756740183,-7.524517385287283,-2.1832861156164136,12.557247908532053
2000-02-15,6.68118839678557,-7.994535851368418,-0.6438532546371969,14.512768152112304
2000-02-16,6.529859398258817,-7.932620230816901,-0.9218340260754759,14.04168458398462
2000-02-17,5.193424123803677,-7.34433800639769,-1.5525921380110037,13.917722830036743
2000-02-18,5.6667207410148555,-8.455727872368382,-1.6998093233435312,14.314597157265432
2000-02-19,5.00830500064426,-8.324478722416561,0.2017247606343029,13.2173745186994
2000-02-20,4.42849142324663,-9.575202511086728,-0.2491416036866998,14.482759676312364
2000-02-21,4.413594032596681,-9.614432212720267,-1.7797583244686,15.116757722413547
2000-02-22,5.4024636470551926,-9.714060001132964,-1.7700560947083623,15.179866319860016
2000-02-23,7.388466245542998,-8.354760697825292,-0.9895690211636415,13.39590110344493
2000-02-24,8.287982724864003,-8.441031217511258,-3.064667537733232,12.69332771709512
2000-02-25,8.49997712076411,-7.510554125973258,-4.150574243222259,10.583703893488476
2000-02-26,10.431092329748578,-7.692541279508948,-3.9817730661973347,8.935623996938414
2000-02-27,9.885230067394422,-8.207666035501338,-4.316138853839516,8.632463674037048
2000-02-28,10.140904269152514,-8.521142608927706,-5.4927688867972435,9.255898549299346
2000-02-29,8.745645922728556,-8.069025967193173,-5.622118187135931,9.8020696230926
2000-03-01,7.925680760797559,-8.486913321417006,-4.056062536248358,10.954560701155966
2000-03-02,8.867243635370942,-9.388910580176283,-4.6325396691240055,9.503630370713587
2000-03-03,10.01714690229899,-8.252197829995367,-4.271284345870904,9.273482061454848
2000-03-04,10.516125439379254,-8.122923514050644,-4.317373536204971,9.217381570515652
2000-03-05,9.242140121070477,-8.09670186009804,-3.665366216567077,9.809966181486162
2000-03-06,7.037790412434539,-8.862804845520337,-2.253053985820854,9.740505389260305
2000-03-07,7.200469676135471,-8.661444150203154,-1.3894559806390192,8.783991905596114
2000-03-08,7.48047818947135,-9.994784697356263,-2.252744153636198,9.662415664814272
2000-03-09,5.494338450959066,-8.331042912521543,-2.830818686745207,10.157249883420326
2000-03-10,6.948581375775378,-9.119714179309042,-3.5606869895171855,10.81631009303793
2000-03-11,6.078798837243943,-10.906911606826872,-3.0981310281220518,9.852494310449954
2000-03-12,5.931361097265995,-10.517067596554663,-2.0582013140342768,10.024863385313937
2000-03-13,5.204773028531145,-11.48002822194976,-2.7731390812768986,9.522792894398398
2000-03-14,4.20847187577414,-10.357123220182432,-2.6591483828842946,11.205187368001464
2000-03-15,4.412997862949608,-10.540094644049224,-3.2020244009053114,11.053278582570053
2000-03-16,2.4211883552924727,-13.123631520450711,-4.383975202257856,10.821433701781233
2000-03-17,1.6910927021057893,-14.450375774108773,-4.134266013160159,11.366521673219205
2000-03-18,3.1489500777615893,-17.06374832343519,-1.8640910522648309,11.831358612309629
2000-03-19,3.6941721996047425,-17.142803940315165,0.01908919250041774,11.114916772886144
2000-03-20,3.388746309265268,-19.25398602310496,-0.686722413384072,12.363958048015476
2000-03-21,1.5968297709404125,-20.065529782426587,-1.7748224273946835,12.401287219217355
2000-03-22,1.3375995688338314,-21.189172017210453,0.039674982864517094,13.311460404867113
2000-03-23,0.5863201443952254,-21.004691841014857,-1.6120588462901624,12.65287056447621
2000-03-24,1.2700849054010015,-20.807951134441435,-0.8846628355210804,12.968447912249921
2000-03-25,2.069362347865432,-21.522888233576374,-0.7655800962381952,13.006870056747799
2000-03-26,0.3535057880730912,-19.29347309883275,-1.2624732808417474,13.048003297927565
2000-03-27,0.7794890723480057,-20.564393709588348,-3.3075473835085063,12.058394091441341
2000-03-28,1.3859542007328876,-21.625581791931186,-3.4748029916911283,11.016524291440806
2000-03-29,1.5688803587345037,-22.826549093184155,-3.680496378693035,9.805383913543858
2000-03-30,1.5477516341057969,-22.585005009894786,-4.231517000526846,9.835088886531977
2000-03-31,1.8202443395725407,-21.99003885444677,-3.7185365774065144,9.008821882606725
2000-04-01,1.816650088950359,-21.556592383789283,-3.2424429825594863,9.369943114007837
2000-04-02,1.643924998532509,-22.58994036768084,-3.8305634574831107,7.819624710129278
2000-04-03,2.389602310119628,-22.121235696035157,-5.158962125288307,7.080247628871063
2000-04-04,2.4689293148704747,-21.773211714938743,-6.036818448166386,8.331766984313804
2000-04-05,3.3159031552993206,-22.48928290505185,-5.143552330775302,7.849950917154259
2000-04-06,3.388419706937164,-21.901919817539078,-4.74654480120374,8.690690815294811
2000-04-07,2.546037393336068,-20.9564482410733,-6.295928134050714,8.258510765311067
2000-04-08,3.4550698486938405,-19.34323062876395,-6.500153906855963,8.224012313524755
2000-04-09,3.7171383953084116,-19.747348451233158,-7.434122229600518,9.0678871061391
2000-04-10,4.096846975696858,-21.219185053976105,-7.886933353334579,8.956267378038241
2000-04-11,4.899442865815643,-21.535101769302106,-7.8026947536169455,8.028373540554046
2000-04-12,5.575761482481671,-21.74282962415727,-8.128300781607239,7.417079500947762
2000-04-13,5.93478535090717,-21.573579073796743,-8.061671565570167,6.336564053747332
2000-04-14,7.527884520886763,-21.926519666822696,-8.903941691084986,7.485507837949878
2000-04-15,8.127532597670417,-23.397930983340327,-11.097107268805487,7.7139529325610425
2000-04-16,8.86336402951676,-23.081991986266697,-10.201343158933005,7.626930220230464
2000-04-17,8.850552318150042,-22.77428019935836,-10.422459331454395,8.338994578881845
2000-04-18,8.98497853115527,-22.172057635998538,-10.261483857314797,8.015198140327064
2000-04-19,7.687355037097658,-21.12213574079656,-10.850725882531362,8.005644431511584
2000-04-20,7.110894716895759,-20.570622092896862,-11.463667288479503,10.172718950796975
2000-04-21,6.522118812795183,-19.860515344965716,-12.045966070405125,10.155326797860884
2000-04-22,7.03710833720287,-19.526123149235463,-11.315148866062616,10.85455129214549
2000-04-23,6.763329947407812,-18.994293926648847,-11.74034831396037,10.733481236545693
2000-04-24,7.528673637424323,-18.686131223713783,-13.588198541310016,11.682286815605421
2000-04-25,7.167611708395576,-19.62117146710207,-12.152577187813787,12.00716964705506
2000-04-26,8.275533576031737,-20.66551383779477,-12.098766204822843,10.792970899570728
2000-04-27,7.619537566578634,-20.842433373841907,-10.838207600359747,11.267292440633009
2000-04-28,6.693675159802828,-21.986745295832993,-11.516831548880413,11.1437169714446
2000-04-29,7.257790533903173,-20.497889919299904,-10.82598475518474,12.7098427245442
2000-04-30,5.6820901967014725,-22.861701900655916,-10.4365112338295,12.71847483410304
2000-05-01,4.798757580918423,-23.566857890794868,-10.169257550594732,11.185877628977767
2000-05-02,5.993845478343034,-24.625049568830235,-8.824448899699068,11.7289059371254
2000-05-03,5.773099888799858,-24.37588900828063,-9.258856977656743,11.170690616181727
2000-05-04,5.295037821879394,-25.36753238720516,-10.428542377913827,11.431395585337757
2000-05-05,4.101078652763727,-25.592213311248575,-10.408618601539526,9.767359180303448
2000-05-06,3.7191649621224387,-24.94184736935337,-11.499601351498288,10.124871037954314
2000-05-07,1.8267253299509592,-25.59103571824382,-11.422261256326903,8.943578467716087
2000-05-08,2.647284871047678,-23.626199729504876,-13.154340184135176,8.95070719784602
2000-05-09,3.5219569233290984,-23.43856504406888,-11.892416992916687,7.708468578112078
2000-05-10,4.473606213474714,-21.57050709953987,-10.98932767414046,8.49895684266347
2000-05-11,2.6401877147827726,-20.945716271249214,-12.220145133010716,9.08630517763395
2000-05-12,1.3086649318432846,-19.4735364903926,-11.458225673034185,9.70501219184306
2000-05-13,0.34022673607589926,-19.473586394492457,-10.389848577810701,9.098821411009908
2000-05-14,0.5726812603670406,-19.910562744234227,-10.980526471114226,8.50570071092765
2000-05-15,1.2481451396545515,-21.52070459049284,-12.349369904450755,7.9515211968237125
2000-05-16,1.663311895653566,-20.075037472856632,-11.18312171842852,8.917747669639668
2000-05-17,3.4137641782240715,-21.175338905306962,-12.669376363350374,9.234696102057724
2000-05-18,4.366595477301394,-21.072401456338287,-13.360491500390724,10.218971544338489
2000-05-19,3.716493515585711,-19.764929219780413,-14.137255316989924,11.055901779062703
2000-05-20,5.7391440407331995,-19.53742292269746,-13.940223864877716,12.969931145872847
2000-05-21,6.762232437659893,-21.101583271184527,-13.78620225822726,15.647424729830483
2000-05-22,5.579683479321034,-22.007117977893365,-13.92286681648674,15.776769023009363
2000-05-23,4.33640784697511,-21.27696330044711,-14.203940338194943,17.346423968993896
2000-05-24,3.8950131916532946,-21.948345101399127,-14.739058215243778,15.197364100068683
2000-05-25,4.766691667834988,-22.2423770011031,-13.365290997592396,15.886214922727135
2000-05-26,6.95467740809743,-23.472411128425833,-13.438992041370145,15.859967006401499
2000-05-27,8.371032934753849,-25.279433340639784,-14.520820364268797,14.90600361232113
2000-05-28,9.119087745744844,-25.17405773297073,-14.904760484893684,16.189358932043678
2000-05-29,10.423522178655134,-25.318137683997588,-14.9380111198857,16.79914612921084
2000-05-30,10.941569838876264,-25.25286830164194,-14.142728773534223,16.339622363644377
2000-05-31,10.72003106925147,-26.59320604809633,-13.223145074974108,18.44113113448786
2000-06-01,10.976245800322207,-27.744655559021908,-11.880721075484761,18.332565992036496
2000-06-02,11.041605843386591,-28.66347941271063,-11.341012978659906,17.759446868503762
2000-06-03,10.829220792190071,-28.291413000403878,-9.907894233447223,17.339454633707895
2000-06-04,11.586947748389182,-29.30724666067528,-9.970603103809447,17.83873431027752
2000-06-05,10.813501399763805,-29.302538136538796,-11.68455360260434,17.48875980701564
2000-06-06,11.06817126296461,-29.68862204352752,-11.056650565593834,18.290427072415923
2000-06-07,11.48970949157738,-29.176238066822734,-11.998481835670706,19.067684445165213
2000-06-08,10.848439431515557,-27.432502894938068,-10.714660402210058,19.97613530524742
2000-06-09,11.307545383346291,-27.781082208661076,-9.542775588947775,20.13147782954584
2000-06-10,10.803157963294959,-29.26969876033206,-9.281822444890661,20.522920416871184
2000-06-11,9.796066005030545,-28.852483843531534,-10.811318506839719,21.387057063944827
2000-06-12,9.662226061042348,-26.98212964907135,-10.16188655540715,21.084544551915915
2000-06-13,10.223965944860863,-27.47574109934726,-12.142030518045715,20.642964591384725
2000-06-14,11.11446311944683,-28.417388322648353,-13.218534634465025,19.540951176621984
2000-06-15,12.879786364414253,-28.78779609582237,-11.844842065373033,19.472414604906
2000-06-16,14.205793722768904,-27.759680583039053,-11.10378422283833,19.0559900875811
2000-06-17,13.027852958724326,-25.490152043699894,-10.073757955387205,19.438670905911636
2000-06-18,12.809675152456872,-27.079438047496925,-8.700744182472246,20.059198123861858
2000-06-19,12.719620770168284,-27.032981293696817,-9.433117363165742,19.328259170795246
2000-06-20,13.774622385961415,-27.106836993209914,-9.449847100855818,19.65160233798853
2000-06-21,13.971762563605001,-27.934509982042876,-10.751274972607597,19.79048750609908
2000-06-22,15.585322855491395,-25.732948487468146,-10.667812708337442,19.57993655361374
2000-06-23,15.596155054865626,-26.486843923767893,-9.114978311000467,18.064643560862706
2000-06-24,16.582829638706936,-24.943166297878445,-9.21432136533279,19.271330143851753
2000-06-25,17.061113438667956,-25.03834315287332,-9.683240997864091,19.138040988548003
2000-06-26,16.767942682276367,-24.669350851332034,-8.266645616295799,19.542597505747363
2000-06-27,16.85298061586264,-25.464083796948323,-8.97261435343363,18.50484673452128
2000-06-28,16.32175945427368,-25.56034938742147,-10.451968696443544,18.647297876459714
2000-06-29,17.030051918033312,-25.284238614719946,-9.684808998973185,17.1474468848016
2000-06-30,16.284142502926198,-24.74310251223331,-12.312059800060446,15.212068297519888
2000-07-01,16.2069700635186,-24.741096576153303,-11.538535974671131,15.997018215697267
2000-07-02,13.825238215521846,-23.612949246641815,-12.445355687897473,17.704935158636253
2000-07-03,14.142682186042363,-23.56720999836433,-12.51055110482844,18.989255525800374
2000-07-04,13.209644066448467,-23.663909919087818,-12.334026803637963,21.13077623682823
2000-07-05,12.27249707529041,-23.598289493189586,-12.179867852015228,21.850853794162134
2000-07-06,11.214045609180507,-23.655330730172036,-11.26365513061525,20.72720541766023
2000-07-07,9.310841717891401,-22.098181608068586,-9.841040081066083,22.239283400248215
2000-07-08,8.773333456669265,-22.35377266203946,-10.272838558820878,22.609977449559764
2000-07-09,8.64901650370391,-22.889727875028438,-11.866538500769124,23.273756018185818
2000-07-10,10.159592986773456,-23.378472588530627,-10.682311720650508,23.318841056835158
2000-07-11,8.934112214462157,-23.544947745110058,-9.790946252042668,22.827156121737733
2000-07-12,9.559863150703114,-25.32003152248541,-11.62659717459423,21.789867574262956
2000-07-13,10.482492071412196,-24.38032087628344,-12.021525760840909,21.523343811179913
2000-07-14,11.59007245925508,-25.009372236252137,-12.235664558091669,21.97462054548156
2000-07-15,12.188447205910357,-25.65624744320176,-12.836544588195311,22.175758176437984
2000-07-16,10.168956668963189,-23.80642155017191,-12.986910430654115,22.40321257623519
2000-07-17,11.09647375106612,-22.67859489285223,-14.205667238054719,23.624969416627913
2000-07-18,10.974823409430455,-23.16586827282694,-13.84879110014002,24.61239731511595
2000-07-19,10.464912318690043,-21.6324684890703,-14.704263564532853,21.680292681936212
2000-07-20,11.979439894360102,-22.740596241531346,-14.735450501892606,21.14010213148692
2000-07-21,10.941491105873038,-21.25976680424002,-14.689052033251052,22.0039925124203
2000-07-22,10.566647839112015,-20.054106141167725,-14.535692127765179,21.199304251851082
2000-07-23,9.92378255819725,-19.916505075333234,-14.300105891652557,23.91140270574705
2000-07-24,9.931377361355976,-20.487046223109697,-16.12452524745358,24.80105957224683
2000-07-25,11.192591525814768,-18.864164878008612,-16.814884822198337,23.979367076410764
2000-07-26,10.281074889936463,-18.764788238491388,-17.356204491735355,24.44400492231396
2000-07-27,10.180591121155022,-17.36469072391865,-17.952348586831473,25.27270926741667
2000-07-28,10.772884199921416,-16.840417555547823,-15.732561795075895,26.34169754489839
2000-07-29,9.57444356615699,-16.264901647619528,-16.047986014189323,27.413757023185603
2000-07-30,8.232554262938407,-15.350826298206169,-15.661603580230263,27.893576382414683
2000-07-31,7.525081584046753,-15.892867990561983,-13.70039020391232,27.970053182682623
2000-08-01,6.207805222443856,-16.61545787336099,-15.558200781875582,27.277000778109553
2000-08-02,5.561543986583994,-16.38605517005694,-14.404229810767276,27.17884344931118
2000-08-03,5.13904057100512,-16.55982286142408,-14.326450339727565,27.026293282696848
2000-08-04,6.729517223535913,-16.74691041582587,-12.083643381589962,27.122690705874927
2000-08-05,6.173952299081684,-15.990735428493974,-11.045242550342333,26.105138601238387
2000-08-06,7.48049865614397,-17.226356363655906,-10.764370395974769,26.36307774290236
2000-08-07,8.180228656368255,-17.64219844240438,-10.23676720334668,25.991270431622787
2000-08-08,8.469490465765261,-17.78575317310271,-11.328027307849313,24.196438716562596
2000-08-09,10.411990373241228,-18.516288902787704,-9.511588552338322,24.36566922822573
2000-08-10,9.06642765747511,-17.585880216860524,-10.037574828048434,24.7028800351766
2000-08-11,10.611604133861588,-17.09285006589642,-8.575334122487282,24.587954763995075
2000-08-12,11.30811410023902,-16.017230759300528,-9.900312701741912,23.638544005375106
2000-08-13,11.86517983382742,-14.119417089176384,-9.582990322063338,22.40686427181587
2000-08-14,10.58184181692489,-14.038028674020604,-9.780349820684387,23.007078746812127
2000-08-15,11.683608260030141,-13.218583787253452,-8.170907378485373,23.200411812889516
2000-08-16,11.857519076506831,-14.007869023755742,-8.85596537618194,24.857459618805574
2000-08-17,12.79387419564908,-13.787542517696327,-9.793106290491789,24.794156096093857
2000-08-18,12.412776407128943,-13.933258326604474,-9.885326486587804,23.994522708422608
2000-08-19,13.047659244576039,-15.045938051308838,-9.850438842604781,22.134808683292718
2000-08-20,12.30185575041452,-14.683769771730388,-12.436169728505448,22.524480941400984
2000-08-21,13.072526959376429,-14.084380264289234,-13.032579440609837,22.252667961507424
2000-08-22,12.494520757336929,-14.311672138454153,-12.518118428824149,22.194973211585133
2000-08-23,10.513600676896413,-13.301921933579553,-13.511410795941156,22.01442903100993
2000-08-24,10.798388397152072,-12.421612074236913,-14.732322357875667,21.41098114124396
2000-08-25,11.015741385892936,-14.797389657600215,-15.662919465844107,20.076529609784455
2000-08-26,10.152302838193853,-15.94080784663676,-18.363569524533514,19.532523842814854
2000-08-27,11.407861873746285,-14.410750481061918,-18.414042658439055,20.270728484999683
2000-08-28,12.197438822438745,-13.520036391571725,-17.66567087185286,20.949936083717994
2000-08-29,11.993686253924537,-13.806223111331892,-15.283262507175056,20.183946359445716
2000-08-30,12.36472525666608,-11.95840403337283,-16.358782629335987,20.799113376783648
2000-08-31,11.392840202974435,-10.554795243174315,-17.36042906118981,19.879719076656308
2000-09-01,10.620185929934602,-11.698781425072605,-18.133685570746785,20.034118847683693
2000-09-02,9.947057814415292,-11.448257276723375,-18.728133539611253,20.69622432418841
2000-09-03,10.882940083904371,-9.103436766478225,-19.840454325813134,20.06190453124737
2000-09-04,11.812906806875578,-9.506574373586117,-21.022058823814902,21.481559842068727
2000-09-05,13.17583659516506,-10.770934000241603,-21.399949615276007,21.717112481349336
2000-09-06,13.557680345453274,-10.692215975740117,-19.887810211309656,21.079059186934305
2000-09-07,13.085287480134898,-10.202725415834374,-19.861881183671997,21.777772101223142
2000-09-08,12.256159770973488,-10.327772253611032,-21.440788177383986,21.072312983203645
2000-09-09,13.213939592565431,-10.742830826419036,-22.57310112719976,18.9526065593708
2000-09-10,13.449552674688134,-10.578872669121356,-23.105659339512172,18.29557495269011
2000-09-11,14.089976760555464,-12.130968670026474,-23.769405882349766,16.952154723911484
2000-09-12,15.814337397012256,-12.465137811749075,-23.277342107241502,16.326495325933248
2000-09-13,16.95388301552076,-11.53042184755324,-23.860099045880588,18.354613795148722
2000-09-14,16.62440244690428,-12.34520878050292,-24.67185611296119,18.638622696713014
2000-09-15,16.236643425112316,-12.491323016043879,-23.786240129874354,18.09578416305931
2000-09-16,16.039093071637573,-10.828323887562282,-22.104736532210644,16.73108411772739
2000-09-17,16.399980843986615,-10.412004845669214,-21.70497426906667,17.315178799393312
2000-09-18,19.34489023485407,-10.64409994151933,-20.680777746707726,17.616106944988537
2000-09-19,18.281130722666525,-10.444316751298176,-20.188703124451944,17.99055047490413
2000-09-20,17.61797072212616,-10.712356015267014,-21.936951491818707,18.05731266272633
2000-09-21,17.149111832257447,-10.19505175175459,-23.688930290311443,20.21201028617298
2000-09-22,16.790228512517988,-10.118623706976855,-22.72789173218214,19.100708351975022
2000-09-23,16.554186352185624,-9.439266122529904,-23.05339220755957,18.336755692658027
2000-09-24,16.479551066861998,-8.690786225013797,-23.789848293067376,19.2671477110664
2000-09-25,14.82637531102948,-8.918249787006944,-23.95745361720655,18.829447409400174
2000-09-26,15.189201690897148,-9.02821667089947,-25.04544070660605,19.406390403840657
2000-09-27,15.009894035746115,-8.179891353327628,-26.341183106326078,19.115363018704244
2000-09-28,15.525614865021772,-7.24650642108592,-25.17854480348083,17.32224145499104
2000-09-29,16.096791958313965,-7.120962042838441,-24.973707746503077,18.317771714576903
2000-09-30,14.881031538079695,-6.2502748047914976,-25.129711609864856,16.531960424353525
2000-10-01,15.171852601584193,-7.611273197188758,-24.260589275503897,16.89677626337681
2000-10-02,15.05511030388268,-6.539246791304105,-23.699621422375298,15.787551485190424
2000-10-03,15.6654027474767,-5.2800726578573975,-24.79186388759401,16.574224804874426
2000-10-04,14.804101776128215,-4.614280417258765,-24.684039996746158,16.6926592446275
2000-10-05,14.47555916172901,-4.177943549268258,-24.582794190828423,16.96646911698715
2000-10-06,14.530716428422213,-2.434485145323937,-25.939694674132827,17.29076031481399
2000-10-07,14.718323616801909,-2.102908373186076,-25.649644868659877,15.333600220047709
2000-10-08,14.46217156690086,-1.3456420035069612,-27.223253369504153,14.840804285113446
2000-10-09,14.551436012080321,-1.8964786758305787,-24.90700605526125,16.510185082930803
2000-10-10,15.62982955905367,-0.5147010104908682,-25.198248240960037,17.094774314330575
2000-10-11,16.73641125438671,-0.16136557631471815,-24.694089634184305,18.442391610962762
2000-10-12,17.479246527879884,-1.1409814256756254,-23.116781250704417,19.051264938494587
2000-10-13,15.30604527543624,-1.1276510729599716,-24.370855088337144,18.763317127230888
2000-10-14,14.49255745144402,-2.176971302270395,-24.464965607409557,18.082228075254598
2000-10-15,14.037210835370429,-1.8183622774452983,-25.039630993299937,18.68187361755926
2000-10-16,14.250687449366549,-2.2420884588899495,-25.012903886712003,20.007101232350575
2000-10-17,14.750835308659836,-0.9620890316588562,-24.56749892485272,20.50800306082393
2000-10-18,13.838777902715451,-2.0613365633623477,-25.241389279813944,19.847974357835355
2000-10-19,13.847329554875369,-3.507872574426833,-26.374655085822223,19.197511922422965
2000-10-20,13.659512547039313,-3.1268975516549133,-27.481512381984373,18.779946705805127
2000-10-21,16.100380461971824,-2.015725229797,-27.43144162005931,19.77445739945672
2000-10-22,16.58792446142757,-1.292543202684529,-27.47775825518409,19.76593510657361
2000-10-23,15.294201190425312,-1.7022354432173579,-26.931151552392315,17.092656138247005
2000-10-24,14.64463681211589,-3.857848147559938,-25.69928138438893,17.847359838788645
2000-10-25,14.393510095382673,-4.005782371736092,-25.166728863042003,18.501768364251586
2000-10-26,15.233444840944687,-4.745317976437665,-24.27025977191688,20.318751686314226
2000-10-27,16.223533181580795,-5.159136412502138,-25.18623016220174,19.058319022675033
2000-10-28,15.514655557410382,-4.212139076391983,-24.508297088294228,19.03510128083378
2000-10-29,14.49545194624144,-6.959097485713107,-23.125101145003484,18.405936982493532
2000-10-30,15.168383343743821,-7.212529156611708,-23.308542074919192,19.40284437612712
2000-10-31,13.980695708576814,-7.141614543084811,-23.128249838269472,18.475476473891327
2000-11-01,13.506708738928989,-6.5559485810629905,-23.973904707938768,18.31824281961176
2000-11-02,12.681207420020403,-3.579850656592161,-24.821769503457187,17.162303319226012
2000-11-03,10.915121601670872,-4.632707581359204,-22.84600348695699,17.66227645626789
2000-11-04,11.288681424086842,-4.769254984071011,-21.858677808376616,17.216447714536994
2000-11-05,10.451851949991925,-4.896133855193106,-22.206132258767823,17.566287487530836
2000-11-06,9.234493210757378,-5.037786638740403,-22.07654571458589,18.25347178918633
2000-11-07,10.026888714602519,-3.950539244658091,-21.443569337904343,18.01788403602025
2000-11-08,11.924050300585709,-5.727315638950279,-21.1880802614117,16.37267838303568
2000-11-09,9.743500228664779,-5.250687214170558,-21.843567211728146,16.76931716749093
2000-11-10,11.599393872726935,-6.440996944128382,-20.54555990839083,16.670662001916913
2000-11-11,10.542009016337982,-7.361845424855154,-19.300184855670132,18.572821077962793
2000-11-12,10.485135788984277,-8.940621721584073,-18.990004065578308,18.446307894022574
2000-11-13,11.662797032726784,-9.779704294385915,-19.10785764433334,18.471071600958602
2000-11-14,13.520602212375616,-9.476640500477945,-19.854489680495792,19.4695434353044
2000-11-15,12.914949110484654,-8.320369275468053,-18.792142273977912,18.71942803839713
2000-11-16,12.388523099186125,-10.346512137092747,-18.86278515778385,17.978833108130697
2000-11-17,12.384690083289213,-10.793840723324516,-19.88105574857221,17.91652913479971
2000-11-18,12.750455933542138,-11.387166009105474,-18.504928214168633,18.300545482130207
2000-11-19,10.735288220545051,-10.194363927871622,-17.460511852004938,16.2444861385436
2000-11-20,10.714211980511731,-11.527847497826539,-16.2337840108782,16.84993098721617
2000-11-21,9.960482036284617,-12.19299039647623,-16.799319419707743,16.964646925310163
2000-11-22,9.395227120782835,-10.087714277622563,-15.075823440883545,18.37643265801774
2000-11-23,11.080185772523818,-10.856686650528463,-14.273878308839468,18.078274520789876
2000-11-24,10.69365083897766,-10.969253732132232,-13.698896488630877,18.0998842923453
2000-11-25,11.43871364872895,-10.912589642567024,-13.525406653899745,16.130214364218936
2000-11-26,10.343969959535853,-11.25779019056286,-13.687660002634935,16.638995160508617
2000-11-27,9.44661502543427,-11.458778812970028,-11.33969299815285,17.32669355845785
2000-11-28,8.637272455666091,-11.272146798547471,-10.665367455533866,18.43353900527888
2000-11-29,8.346161721582543,-12.59484688802227,-11.461071300518466,18.144320263940774
2000-11-30,7.8418941306122765,-12.370910559230177,-11.431717334092793,17.569117884644726
2000-12-01,8.835241180284802,-12.339778917744617,-12.228331557095839,17.06210015781803
2000-12-02,8.934442701304615,-12.655435463357,-12.357409733503077,16.816201625366705
2000-12-03,8.346530669618556,-12.97761752724669,-11.737812337906275,17.333506285370817
2000-12-04,6.916284127175936,-11.513869091080942,-10.63809054032951,16.764128142831602
2000-12-05,6.107277884384146,-9.986326439797743,-10.864807305173974,17.880480178654455
2000-12-06,6.479379696432812,-10.680733814223764,-11.784954438569024,18.49303888432519
2000-12-07,6.3637213692373376,-8.716171250477675,-12.597670002450986,20.42003298553211
2000-12-08,7.220750678004679,-8.59286620726635,-10.66330025917065,20.50706223314831
2000-12-09,6.416085571112955,-8.13738417049869,-9.65157801193445,20.91313424827166
2000-12-10,6.9837548574943735,-8.583370160854836,-10.062432580790919,21.088433153581732
2000-12-11,9.193327477777192,-8.717648231092467,-10.824001495582706,21.27446209854104
2000-12-12,10.991805644350974,-9.049339369502967,-12.572403008751314,21.992799082702685
2000-12-13,10.812215253072646,-9.6040131295928,-12.175758104638494,21.95572547399712
2000-12-14,12.09021865082478,-10.778723714464295,-11.379689525621357,21.208868183024926
2000-12-15,12.57559420404136,-9.84991972484533,-11.884624158068803,22.00553771602387
2000-12-16,11.136498229030137,-9.696393362033437,-13.518037426631818,21.174123322744734
2000-12-17,10.183909019497289,-10.435780966305394,-13.049098904557594,21.38676129979065
2000-12-18,10.000874607927608,-12.079924899881123,-13.246432249547826,21.72144757281021
2000-12-19,8.271816428747275,-9.360683461757468,-11.897704556260573,22.04769815850054
2000-12-20,9.273649679747958,-10.128604047027427,-12.315485073695932,20.749262180167324
2000-12-21,9.792346280820984,-9.211677048628896,-11.9958058946525,19.638145860474427
2000-12-22,10.03051505589206,-9.583334883062314,-12.365253841521087,18.692688222602577
2000-12-23,11.418931262853317,-11.210779679412191,-11.517498660271327,17.04662492514294
2000-12-24,11.849664890720929,-13.331299257615196,-13.064439117905488,18.19585188266237
2000-12-25,11.705975431109826,-12.855866654135882,-12.650946891143182,18.905278296363218
2000-12-26,10.105548642424093,-12.487952576451194,-14.679030651801074,21.6431854483508
2000-12-27,9.034510265568718,-14.019353893712106,-14.013250385912515,21.000920431349208
2000-12-28,9.118430583116854,-14.060943109794621,-14.339996009628042,20.074037373476305
2000-12-29,9.089619968425696,-12.459260765240609,-14.840264823796934,19.8231761168001
2000-12-30,9.15553258356194,-12.355260597892428,-16.381342271374844,19.36681672965639
2000-12-31,9.494692225415694,-13.702645002930984,-14.782049023439193,19.473469234443893
2001-01-01,10.659699486739822,-14.043996917229759,-13.462068219409042,20.925048444432335
2001-01-02,10.72618934386837,-13.756741353943662,-12.670678656808553,21.560421735474286
2001-01-03,11.030176240529785,-14.182646070051756,-13.395595043083517,21.25656755010404
2001-01-04,8.527268320723184,-15.49402969158604,-12.430808896083017,20.42861179267605
2001-01-05,6.924447341432382,-15.537822712787785,-12.12697532332611,20.078025861799027
2001-01-06,6.132577260800995,-15.808542881507902,-11.969177243753357,19.910405714148972
2001-01-07,6.500410314876365,-15.439181503303498,-13.622324193372304,20.199611124251447
2001-01-08,6.626385129283833,-15.23340046002374,-12.734977334731063,20.13317352638974
2001-01-09,6.159582726994784,-14.72461547889951,-14.45327715177495,18.34872654058786
2001-01-10,5.740041332876053,-16.272580148923165,-13.866953860397377,18.48193961037856
2001-01-11,4.988880756717469,-16.536151544477256,-14.243849189665424,18.2938085333281
2001-01-12,4.398361193955549,-17.808835372305268,-13.955562706754725,18.839209329008764
2001-01-13,4.851486906215924,-18.78840758495337,-15.779707738715281,20.77303412672938
2001-01-14,6.22659708521804,-20.362746510943225,-16.162555406392865,23.031986349033385
2001-01-15,6.164922713267281,-18.121873979183796,-16.395732082849523,23.859978499084242
2001-01-16,5.563741719507736,-17.086723518640355,-16.45324869805853,22.65515859620286
2001-01-17,4.890570525868787,-18.470255793145586,-15.961352081093288,23.924173989351154
2001-01-18,3.929555720875335,-19.184450877992813,-15.007581976283351,22.43813904670761
2001-01-19,3.9867405640571265,-18.593688667945095,-15.752324567484857,22.94266403885541
2001-01-20,2.935345466889629,-19.702444725548975,-15.954110235546041,23.611304327785334
2001-01-21,3.9893713011004133,-20.068454602298587,-15.492079799121173,24.479404031895164
2001-01-22,5.083420245041854,-20.55851519498407,-16.221878381688125,24.18342116244184
2001-01-23,5.013299203151367,-20.274915171807447,-16.70564325974679,24.082985769978823
2001-01-24,5.332619970660631,-19.56386012792059,-16.799415612838956,25.190814541958044
2001-01-25,5.040405268338197,-19.994961954785275,-16.184289326878364,24.725962726943273
2001-01-26,5.993346191727241,-19.70141038136872,-16.416504410743272,24.638002715837583
2001-01-27,7.2615895769063705,-19.063358579077736,-14.539417039507526,24.24103091320064
2001-01-28,6.960637133117694,-17.841403216125283,-12.90035601516346,26.191195894121456
2001-01-29,5.7195011794922035,-19.089404963577238,-13.925196382449235,25.634670577119515
2001-01-30,6.315839731043227,-19.189534535186162,-15.422467089605655,25.50698853864633
2001-01-31,6.520136096703992,-20.16222685457202,-14.622194131383337,24.882264651700968
2001-02-01,6.489553098019853,-21.018677734080086,-12.188659417958062,24.918873776882275
2001-02-02,5.253416636450556,-20.302357392931395,-10.642950605388545,26.037471339448253
2001-02-03,4.963764913034689,-20.03215251154247,-9.658657772014855,26.691998424330126
2001-02-04,3.9018797527113254,-17.490231066895095,-10.261710404628436,26.220717393391414
2001-02-05,5.4777499551429845,-18.000854739502167,-11.661275300773703,25.86371914155632
2001-02-06,6.0482333780533475,-16.652991771664293,-12.457507307714225,24.786409189692563
2001-02-07,6.735745788106378,-15.777750782255783,-11.999114817778768,23.57799103432667
2001-02-08,6.956903573878075,-15.006820798956747,-10.590658161492978,23.288666563452633
2001-02-09,6.708477905437413,-16.94467005175401,-10.213407758741944,25.5425039461284
2001-02-10,7.436462706994508,-17.957620579385914,-9.961084625729654,26.75308596596579
2001-02-11,8.335745167852286,-19.714610744774294,-9.245730124864735,28.42333435488289
2001-02-12,6.099529616135403,-19.232686611763835,-10.01312784451361,28.890611271230586
2001-02-13,5.1582049558726535,-18.868417624738623,-8.981108581594242,29.47446112868016
2001-02-14,5.54446285297343,-18.830052990435522,-9.666717432492105,28.34775469712967
2001-02-15,5.52361729466238,-19.01162579998892,-8.964316123794275,28.245187981147257
2001-02-16,5.3206510418325275,-17.91842625803986,-8.039618495181367,28.508938091890933
2001-02-17,3.8435909189022293,-16.95645582565239,-7.294514258638949,29.532154859728955
2001-02-18,3.7955142031242475,-16.567492316686526,-7.413176802542809,26.945088475875966
2001-02-19,6.1726694993710645,-16.094979442205886,-8.811450267800497,27.607243215709502
2001-02-20,4.925417042970138,-16.012463854917755,-9.294936730638465,26.582133951871555
2001-02-21,3.449527304055555,-16.937004205931473,-7.721014319080641,25.818395619457675
2001-02-22,3.8607669957103368,-18.153750510926145,-9.28493053459499,25.991582004813054
2001-02-23,4.972517696411765,-19.5409830411853,-10.196225544153043,25.47405938167902
2001-02-24,6.28199865411337,-18.864564851638747,-11.589071476914864,26.313192419867402
2001-02-25,6.323508001096505,-18.00988401181484,-11.252681972256322,26.994375570337155
2001-02-26,5.874239999934835,-14.87176142120585,-12.920823108184878,28.126924556485953
2001-02-27,6.21994725029239,-15.317376074289562,-13.540772908833269,27.37885637672622
2001-02-28,9.36589249351406,-16.03644535039548,-11.226576399887671,29.039673245741355
2001-03-01,7.49178049924486,-16.59818479873379,-11.208163250117927,30.282918288901705
2001-03-02,6.429686763684862,-15.82531513160052,-12.538145809042861,29.432716560911466
2001-03-03,4.808637722280224,-14.956326215315581,-12.796974639556556,28.882113844926906
2001-03-04,4.006438332179804,-14.389548145669087,-12.867487276623656,28.620251772803197
2001-03-05,3.6868771892273515,-15.029493858023086,-13.010736834912336,29.24444312051322
2001-03-06,1.7048258036767636,-15.319804855001903,-12.538668771043746,28.220807169275723
2001-03-07,2.256451819118617,-14.871967811384135,-12.967154367709682,28.084396514507866
2001-03-08,1.991091844250366,-17.204161847177364,-14.352664990097038,28.712050754922963
2001-03-09,1.6898733316434866,-17.078713335325872,-14.17794050339243,30.26744011831291
2001-03-10,1.6621316149825647,-18.615052998274557,-13.40853565881045,29.864598477635337
2001-03-11,3.021422421800665,-18.372217775737123,-15.230791207970192,30.65568445757901
2001-03-12,2.886944390994401,-17.98068557062088,-14.677201802578134,30.86348745564523
2001-03-13,3.5287426376030995,-18.59394769095129,-15.642117757015582,31.233283484242584
2001-03-14,3.7789470159944027,-18.992003141251363,-16.51298536580409,30.77962754989405
2001-03-15,3.256453570819967,-19.048143564186823,-15.995320011945546,29.178926605489927
2001-03-16,2.4794666191792185,-19.628149980399886,-15.63550405898102,28.858253695359313
2001-03-17,2.894704786542164,-19.219302739254758,-13.747151048146252,28.78135457992716
2001-03-18,3.256760802960769,-19.09596272681902,-12.126393771729047,28.625179742134183
2001-03-19,2.139223216751562,-20.1421964649853,-12.70599261564829,27.845794780068143
2001-03-20,1.6432543300244,-19.6507117787412,-13.573556505964952,28.29651579145857
2001-03-21,0.7845369210574724,-19.043394397778087,-13.792971103885396,29.659118332287917
2001-03-22,-1.1130427749143406,-18.957036030768826,-13.495334283652431,28.688308135488533
2001-03-23,-1.2564959424834399,-18.412995712058574,-12.764056962416523,27.852736650249426
2001-03-24,-2.5765440103339623,-18.056352509999122,-12.456568128724326,27.372011208477563
2001-03-25,-3.4827879903076937,-17.708298752893647,-12.374341727629819,27.282861619901933
2001-03-26,-3.8232392839959206,-17.13461435807788,-12.390664227830738,26.68377675667296
2001-03-27,-5.547520392193249,-16.448023020986,-12.914107458948429,27.90873954349574
2001-03-28,-5.630170919386053,-17.416448153879706,-13.929084489277123,26.949230812724526
2001-03-29,-5.4541552312479125,-16.977686021023313,-12.95438845375183,28.357300266477868
2001-03-30,-3.8686896164876874,-15.364483810166764,-12.640101968422542,27.59419466703855
2001-03-31,-2.3734280818751907,-15.53495728519002,-13.698883231837218,25.805553922202698
2001-04-01,-1.724369076936096,-14.953304406154931,-12.166985090929789,27.122619156732245
2001-04-02,-1.337078180619836,-13.831872595445526,-11.829141661193386,26.94848634681562
2001-04-03,-1.2698047191113042,-13.177373702696942,-12.141866645934861,26.56331824702037
2001-04-04,0.6695630076664916,-14.139958547985453,-15.003888421457415,26.749760451901768
2001-04-05,0.735198911802449,-14.459642510117485,-16.75886633108538,26.915492012498966
2001-04-06,1.5023867263347719,-15.137032404466996,-15.594373467914684,27.558977244649626
2001-04-07,1.7970118301151086,-16.337579555816607,-15.135701472165765,28.605233671241255
2001-04-08,1.95891007311057,-15.537833165210248,-14.608275717979366,28.069128719836666
2001-04-09,2.421716300492959,-16.38014211847241,-16.576199902452107,29.606362081129824
2001-04-10,1.7390036928023385,-17.156085278466225,-16.768664936787474,30.327126633402003
2001-04-11,1.2928891296262552,-16.399695394614636,-18.02459508707478,31.563060726296875
2001-04-12,0.3139554121963576,-16.134795925046852,-17.402296964934653,32.07946903797465
2001-04-13,1.459110829441276,-16.74261471836793,-16.651290855927474,30.846979397324773
2001-04-14,1.9102788643532231,-16.726186269380626,-15.883823434977728,32.530658462357884
2001-04-15,1.6937244491200092,-16.842647967548434,-17.093182949168742,32.601399469617306
2001-04-16,2.500976887542898,-17.13280529829867,-17.907170291910298,33.42512371393047
2001-04-17,2.0457892815932195,-16.088290177229993,-18.808060207324896,34.0660953315364
2001-04-18,1.9739439215116963,-15.583967586809257,-19.019702828140872,34.75629386265105
2001-04-19,1.3379436905417963,-18.198526708145067,-18.667714012316413,36.117232659981866
2001-04-20,0.8215365796262887,-17.134161040536064,-19.73075639765265,35.43969825122134
2001-04-21,1.4962941241097267,-17.41038669112539,-21.13257963725406,35.4143620347491
2001-04-22,2.7260977973963656,-16.811660764961722,-21.34635604649631,36.60723820923144
2001-04-23,3.1329464661884456,-17.278780791937017,-18.888007126950708,36.878612478662085
2001-04-24,4.012274901335964,-17.56743122486212,-20.0255360674712,36.84849887857003
2001-04-25,5.182380901125823,-16.562132936211825,-20.050047253854405,37.57903833688806
2001-04-26,5.238614966608728,-18.357111891633206,-18.28373763335624,37.94984615962726
2001-04-27,6.158179759846205,-17.256668004104732,-17.25821821079269,37.335084365126164
2001-04-28,5.672927648563343,-17.080053264621387,-15.53788614519182,38.19945765878527
2001-04-29,6.313181868440351,-16.873461089357754,-14.657166846002275,37.83748671057692
2001-04-30,7.714853964854711,-18.240228332446815,-14.512580013951826,39.760188821487695
2001-05-01,8.31166079835643,-17.022068992922993,-12.011945391057061,39.53828499300987
2001-05-02,7.0129846147006205,-17.698405623069736,-12.449895079047852,40.65031323360928
2001-05-03,5.87706766983547,-17.705419717613093,-12.060247809834907,40.89636842851387
2001-05-04,4.599710915222365,-17.91019335296701,-14.048330416013725,42.82705372537652
2001-05-05,5.045193316004713,-16.712210769145646,-14.68506749224141,42.907096355558195
2001-05-06,3.0455350525478035,-18.586313118949572,-14.323587933367126,43.20586707056122
2001-05-07,1.7652448928882676,-18.267118256891653,-14.583119750946192,45.05013849215987
2001-05-08,1.5210519789833474,-17.691530386889344,-14.360589022763833,47.162055633631425
2001-05-09,2.3579386220113125,-15.801697371554946,-15.195777002894692,47.07794695053412
2001-05-10,2.279358446828334,-15.890354600899395,-14.87552259812261,47.49281434013199
2001-05-11,2.5352693504859958,-17.529039569393408,-13.479233437734356,48.595400121971466
2001-05-12,2.786815463278251,-16.2516281679307,-13.48250909322527,48.62669818514296
2001-05-13,2.781284083052715,-16.793844460740345,-14.05736540402294,49.048773809450815
2001-05-14,1.6187357740628736,-17.44019888803253,-14.039969462440197,49.376099371898455
2001-05-15,2.2129851251527626,-17.038568021260417,-15.015101894235036,50.60919856217941
2001-05-16,4.825848647339356,-16.09376763913069,-12.793033067832017,50.838906046055634
2001-05-17,5.930495824107815,-17.132707728997758,-12.483208854770027,49.63780152190448
2001-05-18,4.918938458172992,-17.569677715260955,-11.924683104425114,49.85568354958212
2001-05-19,4.688084049000772,-18.85356810892686,-12.231774733937174,50.11812107234425
2001-05-20,4.045884281066657,-17.660975902193396,-12.197885598072519,49.84049324415939
2001-05-21,3.900380368977874,-16.207075080988634,-11.696718433804653,50.17054707134168
2001-05-22,4.569610750417611,-16.15135769236158,-10.640069785321383,49.665743254479516
2001-05-23,4.695897033870182,-15.367061039661646,-10.943701773426092,48.41959671359569
2001-05-24,4.40160851606829,-19.302782919785795,-10.519121704987528,46.869460079866734
2001-05-25,3.774551641179193,-19.655640386780025,-11.887539269384153,47.402625914876644
2001-05-26,2.551365727726141,-19.705445033538307,-10.743086397077596,47.94825306241744
2001-05-27,1.8920959834304367,-21.29885798170559,-12.98059993232236,47.650074811852406
2001-05-28,2.5600874507658986,-21.349893133646574,-12.747122315650353,48.216010193125946
2001-05-29,2.5928533747319453,-23.9481497878799,-12.449120200458271,47.635358230812265
2001-05-30,2.5835221480983255,-24.1020743836249,-14.695515296508091,48.385339312098914
2001-05-31,3.7304394352189476,-25.011001113872844,-15.894355644508817,49.33279879336472
2001-06-01,3.8514036727688117,-26.61722480474888,-14.671804861211767,49.22315033277051
2001-06-02,4.107301151927744,-26.275241591817093,-13.808076517491052,48.18916043861868
2001-06-03,4.572193314315708,-27.02826290392589,-14.834702509167284,47.744595850151626
2001-06-04,6.27975614202375,-26.54827810438496,-16.04432651983895,47.97224630689236
2001-06-05,6.12895705246472,-26.00564933805833,-15.579243679606023,46.70980552507831
2001-06-06,5.397037177090399,-26.024254163134867,-16.47053273862456,47.34414930233481
2001-06-07,5.047097828435252,-26.64937078376272,-17.027971134166524,47.48635075255887
2001-06-08,6.03759196859959,-26.083540095348805,-17.120119038300764,45.463783466355224
2001-06-09,6.765038404861876,-26.30172539038694,-16.619831046286365,44.60774826757138
2001-06-10,8.216633515866311,-25.578394768930817,-17.085558686747564,45.7202870975968
2001-06-11,7.611286714918284,-25.40169999271121,-15.915615458761174,47.05068577080094
2001-06-12,6.306577180589895,-24.554674917476245,-17.219034586790663,47.654568484918116
2001-06-13,4.579741653502408,-22.8742165884168,-18.56283808615333,49.35688931366051
2001-06-14,5.636737998173114,-23.531483220479956,-17.486033985552076,49.3414943593381
2001-06-15,5.811769684795142,-23.414453646252404,-17.070336861772457,51.431453540434156
2001-06-16,6.853307352949814,-23.753260414291947,-14.84324628399565,52.39961590224444
2001-06-17,7.837740345331123,-22.186056605538486,-14.479344198605439,53.494440721311534
2001-06-18,8.330553101560186,-22.57501034565735,-13.174497241434043,54.136619562048786
2001-06-19,6.4508679867827485,-20.77862972831298,-13.031404965852452,56.03014033587298
2001-06-20,6.672407833728729,-19.377880084076644,-12.10933358275186,55.67644357824009
2001-06-21,7.311953749142255,-18.403932696966443,-11.345479612082205,56.09147886038974
2001-06-22,6.718790305058429,-17.568363400894476,-13.1853227856672,56.26090188756265
2001-06-23,6.474021787482604,-16.0084088849311,-10.897110835231084,55.005346313237375
2001-06-24,5.3838883041907835,-16.133487783178673,-11.37371236378262,56.11075629685886
2001-06-25,6.0533576330370975,-16.002444773036647,-9.79524947396012,55.59699197189243
2001-06-26,6.5061738972256045,-15.865293202684772,-8.959010189203413,55.66566424200578
2001-06-27,7.475880298461444,-15.4831342287979,-8.363564899305157,56.54785628555747
2001-06-28,6.990334458059437,-15.563336556227954,-7.475923412053039,57.747142965912246
2001-06-29,6.669183641882846,-16.340509473081607,-5.430159097674845,57.905937778450735
2001-06-30,5.821880157996867,-17.288139851579757,-5.563783604966053,57.484019045214836
2001-07-01,7.8684518976048885,-17.428735026623574,-4.8569158278526245,57.995401757383746
2001-07-02,8.38460458440395,-17.7092745427477,-3.4811177385851995,57.989398868253225
2001-07-03,8.260322927994878,-17.056451952977344,-2.3559345221829666,57.57976113540144
2001-07-04,9.193275884657902,-18.39694351572354,-2.4991042445754856,57.33025666109941
2001-07-05,8.71352901972668,-19.045908732274114,-2.59251610290899,57.29370244940045
2001-07-06,9.170972559529345,-18.611330265227597,-2.599811369039393,57.05204512246899
2001-07-07,7.837764080667185,-18.632304253523877,-1.1050573781292328,57.44316627836572
2001-07-08,6.327731055065283,-17.91670948484064,0.9345425807647594,58.936893725034125
2001-07-09,7.138507694667511,-16.733912141032977,1.7608905514155762,59.43234523008438
2001-07-10,7.321540749086214,-15.545305828500554,1.3732617156967373,59.03597901700838
2001-07-11,5.4359103565183,-15.768715896192237,1.2846679203530935,57.27928725688157
2001-07-12,4.754316526188698,-15.512864561977906,2.6829142986787486,56.82384462698625
2001-07-13,4.4089928887127146,-14.885638117407753,2.744498690129307,55.90444110782185
2001-07-14,3.765403295512224,-14.417148779297287,2.904117456725912,55.47580189464579
2001-07-15,2.9965845439895453,-13.35680330322061,1.9799301889684362,56.88785454557995
2001-07-16,3.578468514889685,-13.604801909598711,1.4652450367152805,57.1624781426893
2001-07-17,3.4237734634061314,-14.23869239280415,0.5841590553331123,56.77729797851824
2001-07-18,4.3763973936362826,-13.677667990530162,1.7189154705705691,56.81180183109377
2001-07-19,3.839614033975416,-12.909466139137487,3.496141260580705,56.35161215851846
2001-07-20,4.278117543833007,-13.357690704073272,4.657543774807762,57.29731124883676
2001-07-21,5.337689243843737,-13.244967980447555,4.711079874522442,56.32189581645696
2001-07-22,6.47248137150558,-12.995392534301132,4.773985504786493,55.75240482837258
2001-07-23,6.354996905320322,-12.13765843301864,3.681684004109356,56.26835314259379
2001-07-24,4.2519531927425716,-13.25795108618411,4.397319606952991,55.14614116165148
2001-07-25,3.1017636369702455,-12.664314802108189,5.258616552912356,55.46583559171938
2001-07-26,1.6331156390084995,-12.698045241054201,5.4752471653152694,54.810377716691754
2001-07-27,1.361518578621856,-14.35057566139973,4.9190812557492976,56.01550576658434
2001-07-28,2.170309211048052,-15.660626681752026,5.646614968616928,56.11960622059066
2001-07-29,3.6437671571835004,-16.24366594928887,4.65825127306506,55.737731022751376
2001-07-30,3.569253333906246,-16.867112391506687,2.2907897065085816,55.4129697220054
2001-07-31,4.233988460725189,-16.662520211518064,0.9209525101722309,56.18826081938382
2001-08-01,4.129754450679038,-17.22908301901257,-0.8132357154601115,57.269926985454084
2001-08-02,3.9161442894915393,-16.44816895161079,-1.4996493284709336,56.574909206958864
2001-08-03,3.4769512849090902,-16.416077929475065,-1.6235066790047339,57.1899501238448
2001-08-04,2.455954870675796,-17.388756047406357,-1.222431071172882,58.59558012371786
2001-08-05,1.7542558780292619,-17.8904295460678,0.4916866128759134,59.4925533743646
2001-08-06,2.6210011945979743,-18.2049786694357,0.2611646830346658,58.21614370941251
2001-08-07,3.6323638178904885,-18.918329983353757,-1.1218458961157514,59.864661799113236
2001-08-08,2.430564071754948,-20.437945229549648,-1.6194789564313554,59.62530860387539
2001-08-09,1.4991876184337305,-21.36240319103977,-0.705993033828348,59.742952951738886
2001-08-10,2.5834478339562725,-21.013496392098492,-0.7308850661699884,59.81208008376064
2001-08-11,3.2785415788583214,-20.79053110879923,-0.35153952621152434,58.622442956658524
2001-08-12,4.510997825325936,-20.909847116137826,0.13480368493296535,57.648454421202764
2001-08-13,4.285106406309851,-22.264157466631076,1.2952315511896382,57.039430394926256
2001-08-14,4.414917070361209,-24.374672797606337,3.4352987268957897,55.605177720612836
2001-08-15,3.7961653844869243,-23.784231883850463,4.719482181585432,54.99859848428887
2001-08-16,5.013476087768858,-23.882034802511114,4.520558709256329,56.14700480216683
2001-08-17,1.8480284621596748,-23.377778084048842,6.447562122261562,55.78237822338936
2001-08-18,1.670492869058792,-22.92086799834039,6.499326610105586,55.76615881466423
2001-08-19,1.2753500542339715,-21.74642465120076,6.825351039723087,56.14233867090114
2001-08-20,1.0896778366568052,-21.882473832945607,7.530555324723882,55.89096865681449
2001-08-21,2.2735395517804555,-21.06037688542098,6.921335193207721,56.39940060090848
2001-08-22,1.6007957011794163,-21.56424660337495,6.419996001879754,56.28909534068569
2001-08-23,-0.08092039115019989,-23.660875697105457,5.622535466639571,55.39432655223576
2001-08-24,-1.8271853536806666,-24.09967124634042,6.609899827305647,56.77981333824215
2001-08-25,-0.9879345374107769,-23.966042765730638,5.4741891767024455,56.01289437840911
2001-08-26,-2.220126213429964,-22.431047367311603,3.7349060310212367,55.23051748461853
2001-08-27,-1.6253101276841804,-22.12968998072063,1.5381384694190179,54.68028738302869
2001-08-28,-0.9121636685160381,-22.993670231883428,2.1408109527278363,54.470837301969645
2001-08-29,-1.6449024511824646,-22.780984984613003,-0.9552100591776869,53.90329269898891
2001-08-30,-2.6553349739647585,-23.905198773684504,-1.9098147954028417,53.24720633227064
2001-08-31,-3.7937587829264294,-23.62721953228769,-0.9593672633288005,52.94173190962623
2001-09-01,-4.804720055882852,-23.57881754964955,-0.8682867589134029,52.31619188960235
2001-09-02,-5.520341575756958,-23.83371528853892,-1.541689604093873,52.50975558881007
2001-09-03,-4.759851660884643,-24.298652339158025,-1.9382078815912167,51.62225950065349
2001-09-04,-4.413896077008179,-22.455675739730065,-2.8532722235595207,52.06451978966374
2001-09-05,-5.072385907836682,-22.408737097389867,-2.9436973860486035,52.66257900685489
2001-09-06,-5.2326388477332815,-21.81574038493983,-6.277511540349678,51.602481440397014
2001-09-07,-5.7178081133881475,-22.355272904047318,-6.251566805600959,52.87019144274509
2001-09-08,-6.761709757477142,-20.16124260337687,-4.432529463918406,52.84874280811295
2001-09-09,-8.460367421145946,-20.107312113101944,-3.215030159847281,51.847594874275586
2001-09-10,-8.713851257500751,-21.348252750710124,-2.0963172615275893,54.03690340113124
2001-09-11,-7.003574795243228,-23.327398948765012,-2.820685656320185,52.63132668847335
2001-09-12,-6.066987912006321,-23.159882089888672,-2.206796356659148,53.42694323787142
2001-09-13,-6.564305555347822,-22.26029462547089,-0.753630105959399,54.92179951135661
2001-09-14,-6.997844122524034,-20.78718009068073,1.03770955001086,53.54011011095626
2001-09-15,-6.056030742609077,-20.458556511833613,0.20034646900342246,53.023951463265035
2001-09-16,-6.243455970338679,-18.72820293891222,0.7621476082642791,53.88812642528968
2001-09-17,-5.793136669410912,-19.10467815883603,0.10913512352425825,53.490728798086025
2001-09-18,-4.838062702927384,-18.998935992496055,0.5424821892041436,54.6226879698557
2001-09-19,-5.294969907330289,-19.059956449106473,1.4385936153601906,55.61369332435266
2001-09-20,-4.729551246436187,-17.796576893010254,1.6762017946516303,55.75005650397595
2001-09-21,-5.439450195460818,-18.4341104480919,1.4884870311701417,58.14920754324699
2001-09-22,-5.758182260465125,-16.004396778667502,2.5932198673886027,57.48866252249192
2001-09-23,-5.162257272153124,-14.196044167644715,1.6766425689128202,56.86457509801559
2001-09-24,-5.566804207471307,-13.346473845313938,1.3907295568586955,54.328852370468226
2001-09-25,-4.448277940920132,-13.337437586030775,1.8460034197971287,53.943797486303716
2001-09-26,-4.017957062952064,-11.641512766610138,3.3510911325471255,55.12881181889985
2001-09-27,-4.560198371221108,-12.041912874792489,3.36102879402054,55.492576261414285
2001-09-28,-4.985083571580896,-11.929699976822823,3.224196213324299,55.91785722151245
2001-09-29,-6.12200862844968,-12.026753012441871,1.8133740390725752,55.45185342360997
2001-09-30,-7.87110275364397,-11.21372576534813,3.5642964167387703,55.64592523762917
2001-10-01,-7.667477094431252,-11.741439583016078,2.9023961472570434,56.32268051712988
2001-10-02,-7.299753442673229,-11.883306581152274,2.2659772350125587,58.02475953713627
2001-10-03,-7.881661436737423,-11.157220453953197,3.184504064772322,56.98347393256316
2001-10-04,-8.630607842308986,-11.083649235939408,3.009073533828123,56.624556317091184
2001-10-05,-10.53213684444977,-12.407847293093681,1.2726681819041148,56.9986816468698
2001-10-06,-10.419468633084623,-10.77969731944355,0.0307936630630532,56.49225422374933
2001-10-07,-11.78831780497314,-9.984103150451267,-1.2420694422930434,56.60239299473745
2001-10-08,-11.929630291826708,-8.834841803398394,0.3414947744143666,56.1115991281004
2001-10-09,-13.581758477530613,-7.719237312848156,-0.9654497380465075,57.15594599040218
2001-10-10,-13.019559217283009,-7.989561122246704,-0.7705462126115387,57.113429249350055
2001-10-11,-13.932505420346416,-8.27334208252801,-2.537024373332962,56.165838079813405
2001-10-12,-14.114619708054564,-6.037671026821982,-2.0220270774392137,56.00169561525383
2001-10-13,-14.75740497404673,-6.636689657426637,-1.702801320302493,55.65601293604368
2001-10-14,-15.207202835777297,-8.274633931975568,-1.4210208326974154,55.06566249826645
2001-10-15,-15.7546268661449,-9.607940167252002,-0.1868916387687305,53.72507034870624
2001-10-16,-17.271091473805807,-9.282929778336841,-0.07384386788840551,54.28861390767146
2001-10-17,-18.01816779867532,-10.002949250692867,-0.21577379856155793,55.908285405295054
2001-10-18,-18.523046502238703,-10.66132016950522,-0.2661181872085279,55.771863232104515
2001-10-19,-19.125426186767342,-9.38784103803614,-0.21236095509299097,55.20752061402682
2001-10-20,-19.254047936582346,-10.806107575819254,0.46116117781979,55.55186791551425
2001-10-21,-20.79544596819221,-9.2513408102275,0.8292348886963077,56.47610557159581
2001-10-22,-21.23829785358719,-10.002585685055971,2.263986525204526,56.712150276054274
2001-10-23,-20.97369117379448,-7.512235431073553,1.9962068983143948,55.914258050213434
2001-10-24,-21.252571002197744,-7.142955843204093,2.3469175286093416,56.34681712690479
2001-10-25,-21.196432783606316,-6.257111567175233,0.2201684132004389,56.749105296766245
2001-10-26,-20.957166608904153,-6.245371170205289,0.5767343549108256,56.70763069069917
2001-10-27,-20.811007870753414,-5.939268011682577,0.3000098090478101,55.76934767844503
2001-10-28,-21.973918577769748,-5.528372031910743,-0.9080665372712431,54.806025371492936
2001-10-29,-20.5045934786455,-4.875502850091385,0.23529129705461505,55.50136028020336
2001-10-30,-21.57670572416789,-5.079261100291881,0.4249985843932991,55.944316519982955
2001-10-31,-22.086560975534454,-5.638054787117333,-1.4875287885521924,54.850077339791454
2001-11-01,-23.587654383152465,-5.812972453718955,-1.7574954662451385,55.8496535533697
2001-11-02,-22.602964129654218,-5.01417494721764,-2.9569369395742537,54.51520856299411
2001-11-03,-23.155139941336046,-5.775461326728118,-2.793270127099965,55.33772719605316
2001-11-04,-23.009119524854334,-5.645186173451362,-2.100436171658857,55.16733990458756
2001-11-05,-22.46724577310132,-5.643962890197733,-2.4802281833055853,56.28278866442233
2001-11-06,-21.79624888838443,-8.042118330073883,-2.818200397900257,56.23504999879725
2001-11-07,-20.549742496415508,-7.088588484463719,-1.9969293112263238,56.027160430713934
2001-11-08,-20.552491226251057,-5.944885751794059,-4.053324559774818,55.026092798226856
2001-11-09,-20.805853382586346,-6.013669989489033,-3.169107935117222,53.783918048924804
2001-11-10,-20.405431198533265,-5.360653461061819,-2.4138941497289212,54.60367620470268
2001-11-11,-21.197038740198053,-3.9941885721179613,-1.0814894895312022,54.95964328738535
2001-11-12,-20.87797548193623,-4.521098949184289,-0.8178706005971106,56.42686349860432
2001-11-13,-20.08094558532584,-1.9098575247601342,-0.34865122824621797,55.84617287708039
2001-11-14,-19.60050153214703,-2.0351856627063043,0.8260601361772428,54.267574231486904
2001-11-15,-19.003731113969373,-2.1604837537036867,0.6982368753454319,53.28820149471594
2001-11-16,-18.339248339066643,-1.0917846968219764,0.5434838541038552,54.50351349059078
2001-11-17,-17.869328466785813,-1.6740014629886866,-0.6225944878366799,55.07183694350689
2001-11-18,-17.77312889318497,-1.1467299256521555,0.04984982829120943,54.60271409029144
2001-11-19,-18.244578704941087,-2.2285222751885216,-0.5724464157815523,54.25134815683645
2001-11-20,-17.767597266400802,-3.561605534038418,0.07199807813795989,53.28332417236797
2001-11-21,-17.81452741443567,-3.573203663304717,1.5827973387625587,53.09905335127797
2001-11-22,-19.266257561180307,-2.436846556974415,1.344694576763781,52.75204783457903
2001-11-23,-18.905069649551525,-2.7450787802369114,0.24058032225877168,50.94219499813733
2001-11-24,-19.116732565766537,-2.7427542972137897,-0.47187602118343497,51.21984909232968
2001-11-25,-19.803425514596242,-4.352994182406868,0.0606122380203612,51.88737616958752
2001-11-26,-20.114849099871115,-6.144107338774831,0.36971822556079653,52.47211707363557
2001-11-27,-20.118453381207246,-6.459075086456832,2.0288995140867763,52.80478362588229
2001-11-28,-19.573413980253182,-6.958858751201091,1.504096291793029,53.514719437998835
2001-11-29,-19.29239586959712,-7.094348423993744,0.08288975993806047,53.2640475209193
2001-11-30,-17.472771055557864,-6.750347345411268,2.112046315894462,52.38141412044572
2001-12-01,-17.682341021095162,-7.30515341823345,2.0250920778058648,53.98692227392565
2001-12-02,-18.88479703107457,-8.64185756629631,0.9739242735328455,54.30456130215229
2001-12-03,-18.139994374528307,-8.409683459075955,0.9038619058051885,54.79855309870415
2001-12-04,-16.53857875446907,-8.815739843853695,0.7853772047382825,53.2658055361075
2001-12-05,-16.486346531612604,-7.818958887302281,0.6666429159323755,53.42678059268606
2001-12-06,-17.67221922580052,-8.241547550626917,1.5566896278373048,52.99476128821664
2001-12-07,-17.952211207899136,-7.084978886318144,1.565479568193564,52.457886294795706
2001-12-08,-17.292189131783307,-8.265983033195525,2.699900999566892,50.83498670702514
2001-12-09,-16.634635363195557,-8.362065566899467,1.9801011874048955,49.187879802707585
2001-12-10,-16.363579586192227,-6.444730684851473,1.561397039534012,49.61021810720452
2001-12-11,-15.735406243139728,-6.766219760000517,2.2095266683568613,49.767693005448976
2001-12-12,-15.531214503003254,-6.360919120561151,1.2678389947849125,49.24389402791754
2001-12-13,-15.4601000900335,-5.78732372303027,1.3031068342090253,49.792165638042285
2001-12-14,-16.08613908068839,-7.700010366464259,1.2731308011437177,51.44930687301246
2001-12-15,-14.569443916266327,-7.920829559734085,0.7428921372927413,51.249216264880644
2001-12-16,-13.963077148412413,-6.862360981669205,-0.4956164957383198,51.47221197089436
2001-12-17,-13.358091337938333,-6.413584174964316,-0.3039565806180954,51.3614669545642
2001-12-18,-14.089767698954121,-7.089466343043974,0.40723510573613686,52.59742926161877
2001-12-19,-15.094520362407021,-7.875220611217713,1.4067989101075873,55.290830995264415
2001-12-20,-15.470200537725395,-8.599578377541379,1.9511529259772997,57.6582009487163
2001-12-21,-15.750276506183344,-8.668955314049473,2.8413152249121403,56.68173356868812
2001-12-22,-16.168573882581544,-9.025182274755217,4.518670490997102,57.479899326138295
2001-12-23,-15.933888779975703,-8.990934880020491,6.702095071457624,58.49856242542597
2001-12-24,-16.24650560597513,-9.46572416090024,6.9432229176875335,58.870207835834535
2001-12-25,-15.475886139364947,-8.72776570926021,8.585553599784127,57.442039922432876
2001-12-26,-16.15978696407836,-8.429758999892396,9.758619534736894,56.79259398618514
2001-12-27,-16.560856576770174,-8.021015330839624,6.850159202237151,55.485359253860274
2001-12-28,-17.475363167492667,-9.69757507214741,7.115030711989186,54.51506610078256
2001-12-29,-18.050154925617868,-11.389657156541144,7.675525810392315,53.92742898127449
2001-12-30,-17.4938349566637,-12.188881332387274,8.410333889991616,53.58825123487167
2001-12-31,-18.763923220294423,-12.277494674789184,8.024989249234038,52.938544638530814
2002-01-01,-20.198991933411495,-10.584168989418952,8.238683045997723,53.661619039682265
2002-01-02,-20.668499168725564,-10.155591684945394,8.799030916307323,54.86353108772694
2002-01-03,-19.566224987968404,-12.633850481482039,8.577058539888096,56.468716492145695
2002-01-04,-20.902983997994692,-12.23473168587428,10.035828496893965,56.03621958423861
2002-01-05,-21.08108347371368,-12.406936659325675,8.862276882017198,56.670914076660196
2002-01-06,-20.59980260469779,-11.211114718820856,8.427830064170127,54.6364483528267
2002-01-07,-21.11248242664663,-11.059666484700267,10.381976952656974,55.51314196964861
2002-01-08,-19.383095082956384,-11.993867806938995,10.994854466958841,55.73434318949931
2002-01-09,-18.590465364706457,-13.206639368412551,11.155239464024408,54.87524988744189
2002-01-10,-18.133763168618984,-14.560795197637162,10.658397059482906,56.04860768181961
2002-01-11,-19.22328761535131,-13.984095402039475,10.397384240044978,56.48986750245415
2002-01-12,-20.13903160473294,-13.75076532589993,10.857111842729932,56.608575624424695
2002-01-13,-20.425373094604815,-10.598658180024497,12.204551253903418,58.15368700707339
2002-01-14,-19.908142660784094,-10.782206394576841,11.923956971829266,57.460894531790736
2002-01-15,-19.059745509742985,-10.787414561919265,10.17768100801184,59.24068747361309
2002-01-16,-17.389412582728838,-9.857019871622601,9.897834944314692,59.741051691211545
2002-01-17,-18.669903115204413,-11.26997588005674,10.959719938292274,59.839132939352865
2002-01-18,-18.65546677584694,-11.23293529111365,11.192475118230726,61.479681578792494
2002-01-19,-19.341819066707302,-10.852166931172055,11.797448664543795,60.40270525598346
2002-01-20,-19.94239678150689,-10.948930350233246,12.623470253227204,60.136032279726635
2002-01-21,-19.241042922416934,-10.20677572014824,12.400839694434515,59.801888116770385
2002-01-22,-18.26180279593514,-10.511999490476667,12.1039300630173,60.40660840209446
2002-01-23,-17.54478451269764,-10.200928038066808,12.14640743462414,60.47397478533424
2002-01-24,-15.282910816323668,-9.141105738159588,12.232026717001741,60.66550878222387
2002-01-25,-14.76980994046079,-6.361400494620897,11.706816473334799,60.588060806030924
2002-01-26,-16.209330094877355,-5.663486447630678,11.443487960654181,62.36865808499012
2002-01-27,-16.54057984454707,-6.734180026779023,10.067946977887928,60.1584245971939
2002-01-28,-17.792408913507124,-6.840452521276292,10.278907562784246,60.19974110127896
2002-01-29,-19.593755821723107,-8.827368566500475,11.380128546728157,59.91084011849242
2002-01-30,-19.88850441493808,-10.734001012815279,11.206909366983922,61.06857752126428
2002-01-31,-19.95679853964383,-9.444855894477685,10.3303557041978,60.365606119839704
2002-02-01,-20.523251326909808,-10.008787089392893,10.92119007509057,61.30237156151021
2002-02-02,-20.20839142004662,-10.339894547839675,11.542847957605726,62.799158615031025
2002-02-03,-18.644297975798235,-9.634465672685137,12.577142774424829,60.2969268802576
2002-02-04,-17.88463929732786,-10.300112402259956,11.373527299130158,59.98958800901615
2002-02-05,-18.431886918494044,-9.01784276334135,11.241743871543699,58.37133795551267
2002-02-06,-19.816193653393977,-8.332147554267348,10.355555808302022,58.265991036809766
2002-02-07,-19.454861570517522,-7.649424033201476,10.554430293583092,57.13063303506786
2002-02-08,-20.114073299601696,-6.036828029886899,9.912479222857108,57.76825874669818
2002-02-09,-18.825207899523384,-6.555368512842933,10.88342494755996,59.26602102805479
2002-02-10,-16.787913498667578,-7.839902250000239,10.349392179466593,59.23752686430763
2002-02-11,-17.382970628675366,-7.484357049240375,9.940325158132161,60.80170250910994
2002-02-12,-17.6374208850415,-6.827552229331272,9.618698653400932,60.961832701283605
2002-02-13,-17.205644200812266,-7.024570287518025,11.26170654166907,60.44317887880959
2002-02-14,-15.553214694411583,-5.046029205584288,11.29058411345439,61.63037349902945
2002-02-15,-13.920382129638021,-4.351678466998017,12.288255236916758,60.314700400219124
2002-02-16,-14.839435045163007,-3.7715157419113696,12.193100777535035,59.91869058233964
2002-02-17,-14.731934157471489,-1.9664558502859784,11.477576898435412,62.26650254253789
2002-02-18,-14.01022074452458,-1.3947014392190065,12.052479736535023,62.49807285005111
2002-02-19,-14.898717766562424,0.029891544201547493,11.5534690014693,62.819233635317985
2002-02-20,-14.681179124272253,0.5688336189732801,11.29064328464954,64.90471190358473
2002-02-21,-13.918942104313217,0.42355242946022664,9.622191568937307,65.01495521453731
2002-02-22,-14.93906144166224,-0.9453319128674178,9.416041612145861,64.62320765010749
2002-02-23,-16.566822680544856,-2.8901760705246042,7.810866417830663,63.99973194863829
2002-02-24,-17.314268367547403,-1.920160824981628,8.051348534772702,62.94261691228882
2002-02-25,-16.67733603757572,-2.055949239249519,9.458521769909023,60.39350058793596
2002-02-26,-16.762310535637766,-1.9515378664754817,8.31064685455271,60.83733503455117
2002-02-27,-15.916182098528768,-2.349586574106226,10.716836720812747,62.17234737597048
2002-02-28,-16.307067192727402,-3.7454843046060087,11.139629598134272,61.57592027792763
2002-03-01,-15.80975445740613,-4.62060316502726,9.782507962090339,62.07030892515498
2002-03-02,-15.534050791898373,-5.123979185791554,9.873897012883939,60.862184986140726
2002-03-03,-16.421260873087476,-4.11602829444713,9.484832852120899,61.73795621715004
2002-03-04,-19.070436517952444,-4.756227590339888,9.382328677350813,61.827826380122154
2002-03-05,-19.70683820570218,-4.4378699272729545,9.743954986667633,59.29189357404125
2002-03-06,-21.042490619759892,-2.862821604204832,8.584832428843624,58.026400061749165
2002-03-07,-21.046329067051452,-3.2331048602695973,7.92274323715961,57.944756397392986
2002-03-08,-19.907743863585743,-1.6897133423632276,7.064389333544716,58.32831611595331
2002-03-09,-20.242078834472757,-1.4921055076093446,7.054651002285438,59.19369400445339
2002-03-10,-20.754756241640724,-0.9209171134663178,8.126800213022783,58.072476267887616
2002-03-11,-20.82069376143904,-1.128153062513256,8.417397286134443,58.65155719243727
2002-03-12,-20.43143748769798,-0.38334360970744064,9.24754791672118,60.039896123286276
2002-03-13,-21.267175138958834,-1.3561877567315062,8.477712733375935,62.04896587784918
2002-03-14,-19.33577066887471,-0.4777553339005134,8.59266985965774,61.18591149684643
2002-03-15,-18.13675524978953,0.8694091299037774,9.185800300965703,61.313260680093926
2002-03-16,-18.886901197984187,0.39153261552559193,10.182607640890357,61.001854873733095
2002-03-17,-18.670070661582873,1.9802729022546153,10.113356731158103,61.61971674421033
2002-03-18,-18.55681779190183,1.0167854578348918,10.016532715145221,60.08419097104336
2002-03-19,-19.512108469940294,1.8431789743748337,9.896886908263738,61.32714465486483
2002-03-20,-19.610488925938096,2.351708174533634,9.288183129649031,61.5902794047009
2002-03-21,-21.950202217657562,2.330787902954046,9.617092665985728,59.97785731736179
2002-03-22,-23.458734866817675,3.975019945936145,7.245594958078453,59.15734122743923
2002-03-23,-25.29465608653025,3.4950889942380554,5.957604633167802,59.98975034496444
2002-03-24,-25.36604918749066,4.53006780430185,4.678578494364536,59.91034742465198
2002-03-25,-24.29576191916864,3.3005000268624842,3.983853175966318,58.2191024467899
2002-03-26,-23.802832961988052,3.027710939242421,2.9802409677847876,59.08940729621045
2002-03-27,-25.227225821932205,2.370154391744225,4.352871879512813,59.01199324523584
2002-03-28,-24.849857784574287,2.894957846239097,4.4506920378854815,58.59368932061531
2002-03-29,-24.113413798630702,2.5524893198326675,4.049508682501865,57.41069377603655
2002-03-30,-25.679252907545898,5.485575761075777,2.836984799226127,56.316785618362374
2002-03-31,-25.93149476142286,5.657883411235622,3.5516854536722557,57.17415344793323
2002-04-01,-25.422218128110696,6.6658740710508795,2.655865658134659,56.81292958256152
2002-04-02,-26.3401156116435,6.3185280834349,2.2828744424726155,55.94522584342745
2002-04-03,-26.774659653786237,7.356586139329522,1.384642208833578,56.51538803406363
2002-04-04,-26.33775897215676,7.562367138152127,1.8669477248069604,56.90660992660595
2002-04-05,-26.260538419503902,7.80075863827599,3.337115156615986,57.85866753014679
2002-04-06,-26.050783057890154,6.395782164158646,0.9748469765377297,57.089665122502566
2002-04-07,-23.739010416587238,7.530963079138151,0.0015071815892747642,57.21515500303054
2002-04-08,-24.50241701974445,8.337346356952084,-0.3986165451809829,56.86487695594669
2002-04-09,-24.404189646209602,8.179016412422934,0.6407714350239768,56.20816983883675
2002-04-10,-23.391297278435147,5.999023457184698,0.37122067005093196,55.66813713167406
2002-04-11,-23.191650916014293,5.930097502720249,1.7123527133462693,56.09775548234858
2002-04-12,-23.801400478159113,5.616495296481334,2.2487465823066044,55.98268258311471
2002-04-13,-22.974382152832536,3.671781498112612,3.923072324371041,56.267270540085015
2002-04-14,-23.154408605850644,3.423309952263122,1.83822025729497,56.9768991225637
2002-04-15,-24.982704553599145,5.441368688046467,2.9948479874090865,57.884211465479936
2002-04-16,-24.64442830111935,4.944655492970114,2.8321924602822293,58.2659517107642
2002-04-17,-23.541558044826367,3.696062244184333,3.974900717442445,58.2501012944208
2002-04-18,-22.632984208094044,1.9298241877821025,6.220811202905839,58.89325173191293
2002-04-19,-22.4967945594738,1.033171422033449,5.653202708305565,58.717525312272926
2002-04-20,-24.742702591096265,2.5791289923659204,5.2276065178828635,57.88816478719265
2002-04-21,-23.301030882819553,1.7073778353986129,4.914179158277395,56.75627481654935
2002-04-22,-23.936426247509015,2.7257597657566137,4.835786109031803,55.92864813007246
2002-04-23,-24.267940936830925,3.0387952297150678,5.932301433991939,54.90157947220062
2002-04-24,-24.994583133082617,3.812945296435391,4.39419998344376,54.19249919894711
2002-04-25,-24.966911937649034,5.624215082409647,3.9324004401145727,53.786069808219864
2002-04-26,-24.768702721107292,6.169175453709874,1.9816200296158484,52.88762945497517
2002-04-27,-24.317936744099452,5.510200161867786,3.303503251467971,54.64824774655999
2002-04-28,-25.083985609431576,4.103630281982626,3.6843183573077347,55.49694859568069
2002-04-29,-25.735278082146916,4.465785422449629,4.366303737262541,54.66700850502115
2002-04-30,-26.543980734730834,4.893636277621725,6.209301157334953,55.35059299399492
2002-05-01,-27.057465632757083,4.639876586542548,5.798199588584062,55.22468324403515
2002-05-02,-25.891394968457913,4.066001924631028,6.991132707096432,54.94808047807314
2002-05-03,-26.11782758366621,5.366781834995072,7.06552070474736,54.54777963106337
2002-05-04,-26.705751890930802,7.119271164084747,7.624165403057609,51.67308185165054
2002-05-05,-26.58108940946787,5.361500057062516,8.183254228254935,50.89439008205464
2002-05-06,-27.41071343046158,6.478178019819967,7.915833847854136,51.216622469077976
2002-05-07,-26.290192645584625,5.326141918465273,7.271459081464741,52.69141744429807
2002-05-08,-24.586568103544877,5.27269752990764,6.116365600851788,53.25130339533433
2002-05-09,-25.586858924781378,6.421539526415159,6.498530340086421,53.15364490427593
2002-05-10,-26.638871229382143,7.908811511274547,5.944422206154175,52.56648425524442
2002-05-11,-27.34399485750976,8.36591375603307,6.566388691818362,52.17133203819144
2002-05-12,-28.46422461806805,8.899553689481067,8.634611709721575,50.600226664680484
2002-05-13,-28.615566054310605,9.671429885462503,9.57187704049214,50.23260000911885
2002-05-14,-27.45234052662062,8.430402923557967,9.578389654146736,50.17565124133326
2002-05-15,-27.542715794922085,8.902537672049256,7.597634217605175,50.05027575431594
2002-05-16,-25.604927441763046,9.87422532282564,8.508364267731976,51.076610113707204
2002-05-17,-25.12797989257846,9.531195971802148,7.268940939595355,51.84691646925314
2002-05-18,-26.780069713746673,9.695994335691335,5.213752359109119,50.11908468846775
2002-05-19,-25.46925204002297,9.401303411395302,6.740920104863928,50.94224790846717
2002-05-20,-25.82707830377982,10.36829068031561,4.573435583737448,51.77087063812819
2002-05-21,-25.575045436287443,10.714539100260357,3.2939344192302937,51.914374372885916
2002-05-22,-24.58918225289217,10.675729365547511,3.9771912673860035,50.73103384452966
2002-05-23,-24.064937683917222,10.443209460219707,3.7092847735579833,51.19251621216323
2002-05-24,-25.31260270116391,12.931613706922835,3.1435713069899482,52.166516533275036
2002-05-25,-23.260155140176035,14.06526149762524,3.371893792565462,52.790945491034286
2002-05-26,-24.317801745919883,15.574349051838553,3.4577358444759283,52.64124814229718
2002-05-27,-25.438280779246675,15.769537677933249,2.7996485044038493,50.83950764279877
2002-05-28,-27.824246853080346,15.311730766979382,3.107016379974432,50.89344981716475
2002-05-29,-25.566973114168473,14.68996093318361,2.940463483807819,51.095116946473226
2002-05-30,-25.637609482563665,15.477026753409005,4.542786786083986,50.42722003038285
2002-05-31,-24.776227349711583,16.801924222650996,5.545852714683932,51.41576417478738
2002-06-01,-22.351514807127376,17.238539514596585,5.873272802956653,51.98955373724074
2002-06-02,-23.935850854844993,15.687735002198895,6.229733046895733,52.00202519332645
2002-06-03,-22.26779100172226,16.38715124250128,5.260998016577068,52.194758452632755
2002-06-04,-22.250278221675533,16.335661182583646,4.721956854180295,52.4233364825552
2002-06-05,-21.078075634285703,18.07634842534241,5.145208786175949,51.340124630703215
2002-06-06,-20.99301941061546,16.671367716074563,2.7388250274544337,51.57532960726856
2002-06-07,-19.86843686032527,17.419641775585326,3.3258705459765925,51.69238176953223
2002-06-08,-19.17138578475015,18.37193724161794,4.1136774924567705,51.28005443283149
2002-06-09,-19.04674019633663,18.639600014074013,3.382169460294406,51.64813333622714
2002-06-10,-19.965200945476973,18.242319262659493,4.951563471273388,53.12842236253704
2002-06-11,-20.504064434665374,18.028468738827343,4.675122964644028,53.880358645953876
2002-06-12,-19.709867874167667,17.261602483810456,5.400452246776749,52.70775370801118
2002-06-13,-18.9535070357174,17.475090605632307,4.032448931983387,53.46736920909195
2002-06-14,-18.69168395291013,19.151127687271448,3.043650866136827,53.76938286851104
2002-06-15,-18.758860092763495,20.04051370953881,3.757794813999658,53.30894252019961
2002-06-16,-18.525885312337874,21.624129338466055,4.245007171017449,54.862539820604425
2002-06-17,-18.426831860471005,20.19042619704329,5.152707119968719,53.70971058596065
2002-06-18,-17.091273675303032,20.29254451006237,4.598354360610939,53.18507771119393
2002-06-19,-16.78366904221699,21.517605212422716,3.5218383065020715,51.905342438421414
2002-06-20,-17.682246013346166,21.392498221441127,4.549061329361198,54.55617145509869
2002-06-21,-19.309456182127143,20.874822189618374,4.006978756378638,54.452682387617884
2002-06-22,-18.477014887550585,19.356376573237807,4.712492804448775,55.07560787911776
2002-06-23,-20.21102170693633,18.817297068456075,5.183820114308905,54.489244215414885
2002-06-24,-19.524972265777286,17.51359872312725,6.115385162326977,54.74063069978972
2002-06-25,-19.258289610442663,17.588113338494125,5.96688785671889,54.51837963509958
2002-06-26,-19.60300162249584,16.151608696787818,4.603967802403059,53.381642574297096
2002-06-27,-19.134555313498176,15.435413432076263,5.044752516700139,52.856154343330566
2002-06-28,-19.65719918769864,16.58643907738021,4.989034371816274,52.29571600800019
2002-06-29,-21.652760996934273,16.36220049092097,4.308621117462856,52.12743347390257
2002-06-30,-21.938217678595,17.83181435127965,5.605971629059339,51.8941696472395
2002-07-01,-22.418477666673123,18.166646904577597,4.4584181601251975,52.727883493714465
2002-07-02,-22.43291713972516,18.93498224928968,3.68100539930692,52.39065114923101
2002-07-03,-22.587305556640764,20.30574796573015,4.888700040341733,52.410438604172896
2002-07-04,-21.51176930054383,21.753510685574636,4.239463018992911,52.18359079088711
2002-07-05,-20.734074636357036,20.428594819346674,3.217182051832208,52.79166285530649
2002-07-06,-21.351762038881503,22.523122134927537,3.0993036836879764,53.863862432089235
2002-07-07,-20.7130437449859,22.62066616655839,2.8061755896147242,53.37094913290246
2002-07-08,-20.414606511380033,21.999184981270574,2.24850592918184,55.903040208962594
2002-07-09,-22.073322652114896,22.223592471516373,2.8996337336247278,55.24779575482285
2002-07-10,-22.278667300685846,21.261083091799076,2.333376933458486,56.63225135707316
2002-07-11,-23.385415048812348,21.096400303512734,1.9252827100976817,57.305668503613134
2002-07-12,-23.304846380073148,21.71151102396099,3.466086347241805,57.56510865012262
2002-07-13,-22.49473780805298,21.304855213448903,1.81472202561122,58.59073622635451
2002-07-14,-22.550469012702834,20.27263793055247,1.4157112367904434,58.25807216682073
2002-07-15,-22.672714753564602,19.347945333461475,0.914505023977039,58.37049723199536
2002-07-16,-23.90155793682275,18.933295801145007,0.6385420662627739,58.31994058550159
2002-07-17,-23.34948186956004,20.26914756730513,0.46818851768384373,56.86211632939579
2002-07-18,-23.8317244902406,20.912807667959502,0.6886464883895864,56.70653308876719
2002-07-19,-23.396850002398903,20.783174914962377,1.155095431040993,56.44726636196939
2002-07-20,-23.919406924022983,20.157491664597792,0.4040850986973191,55.77840356224346
2002-07-21,-23.445577264874935,20.115311342387315,-2.2092952517848383,54.53647080616959
2002-07-22,-24.848240636306084,19.89188139035411,-1.5134673278406725,55.099547517501996
2002-07-23,-24.518315996187308,19.64702873793077,-0.5538378743457034,55.28074164493043
2002-07-24,-23.286744870397122,18.413108495107082,1.9361830678424883,53.97689945324851
2002-07-25,-21.498490616771804,18.59785613809452,2.7012019671665315,54.59376310228737
2002-07-26,-21.909193677914004,18.933879741362123,3.5823523376765882,53.58788534531857
2002-07-27,-21.133801493850832,18.011065783019006,3.5678980230465047,53.36331920488057
2002-07-28,-22.183289582569582,16.6388578585659,3.3295411898552953,52.70222440566263
2002-07-29,-23.409743156033905,16.628626702905034,3.588680545158243,53.13247795090949
2002-07-30,-24.53518470037205,15.661146752882287,3.1093172958771493,53.82332082083561
2002-07-31,-24.889903186855722,15.749879309246342,3.3254774205579096,53.26168899002005
2002-08-01,-24.771957807302243,16.931922253341934,3.8686609776782808,51.51861604756398
2002-08-02,-24.83666539509662,17.28341526376204,4.2053187399883125,49.907928704457134
2002-08-03,-26.93833862005081,17.40595977163688,3.03154030564734,48.85334835566419
2002-08-04,-27.07810293306672,18.60089411989131,4.520132241477217,48.99874194091601
2002-08-05,-26.260924513852764,19.581940393567105,3.869046700734485,49.75877395857052
2002-08-06,-26.17556332527579,19.99261524755653,4.057393066632279,49.71330523622777
2002-08-07,-25.075799776388326,18.957145005049743,4.687662558594567,50.1279785817297
2002-08-08,-24.592753718856795,19.18219493589133,3.0904590195500843,50.13045821173365
2002-08-09,-24.105189529990955,19.768027673893126,3.203599314646658,48.32222665714739
2002-08-10,-25.520671024767353,19.98195783133968,2.459432877939189,49.50818101742598
2002-08-11,-26.31514342413454,19.149763897983433,3.603731377657905,47.66927039654649
2002-08-12,-27.144518909440894,20.471962895165927,3.0536833567319266,45.62240882859077
2002-08-13,-27.50033164660034,18.436943471435043,0.8981042345337511,45.768125588922594
2002-08-14,-27.32999153035876,18.4543915373813,0.12176513659467336,45.662366108130435
2002-08-15,-28.7852898159048,18.070218803264098,0.5563660972112949,45.262577246888156
2002-08-16,-29.215333980924477,18.619207425417585,-0.6393927279781333,44.608297517415565
2002-08-17,-28.97363877584861,19.677937239150907,-1.2786348949831687,42.99032746345874
2002-08-18,-28.884740962112943,20.291365597934227,-0.2516640945352868,42.30146294365314
2002-08-19,-28.06045629399839,22.126744512663475,-1.6961182865606939,42.197938160147544
2002-08-20,-27.54182638654586,22.64316238383322,-2.2044968627045707,43.4806095109108
2002-08-21,-27.491574449947446,23.580918831478492,-2.229906757859807,44.987593280136736
2002-08-22,-28.87700775906278,23.625481850879083,-2.8784006546584324,43.959144836218215
2002-08-23,-27.36227766157229,25.23280102893979,-2.7010076771866474,44.512682624502276
2002-08-24,-29.099549142614404,27.49247679652198,-3.1309827739273004,43.84390672773944
2002-08-25,-28.809005934238513,27.086984443002756,-0.7738889324087497,43.89829625842983
2002-08-26,-26.759029600174674,28.27745583274184,-0.0216924914958736,44.018049531804216
2002-08-27,-27.817935303113515,28.012094485416014,0.4385035289805454,43.638387961337344
2002-08-28,-29.23247075296188,28.97908045067826,0.37844837245855106,44.23422739078599
2002-08-29,-28.971195946832204,30.595946445527492,-0.09324645742935367,44.541991428717665
2002-08-30,-29.316370766998663,30.397518519586473,0.5629993994964458,43.580508435234236
2002-08-31,-29.74143090966078,30.65908304270013,0.22935032528211113,43.37636631953314
2002-09-01,-30.46926450745225,31.519753161533504,1.6827723282697322,43.44916679370644
2002-09-02,-31.043771633542086,31.470513897470102,3.522562644642184,44.35301728781656
2002-09-03,-31.77455774095485,31.344902693462448,3.8415325870184227,43.595846033500024
2002-09-04,-32.67648277867904,33.14267795918452,4.650033984033742,45.21189997778477
2002-09-05,-34.0182791551535,32.417447325316864,5.6084101894898915,46.600478229087116
2002-09-06,-31.898636694654787,31.885604626059866,4.01863391693384,45.78897111553177
2002-09-07,-32.28419104931702,31.719829991832245,5.282059887661836,45.68468054462521
2002-09-08,-31.353547345764458,32.0732593426185,6.173596072214809,43.88003599969968
2002-09-09,-32.200885025417165,32.74278622130271,6.902641743263872,41.95596527592135
2002-09-10,-32.50261544006685,30.70122780203865,7.624194139954706,42.21871744614169
2002-09-11,-33.21272560607044,31.32938444105426,7.448384729477508,41.24519665340064
2002-09-12,-33.503241011845624,33.44092459277381,8.242697439885506,41.03260760836684
2002-09-13,-31.827041091580735,33.89738776690881,7.285972442580591,41.1467864150036
2002-09-14,-31.897852952469403,34.695200723476574,7.838002274962139,40.00518941096414
2002-09-15,-31.56601498219558,34.06331466631101,7.221908350079124,41.57440327036047
2002-09-16,-32.21940211011836,33.96098237320368,6.319376559337109,41.88415414734663
2002-09-17,-33.67072001000596,33.42409041705755,5.915462131005291,42.72793499453695
2002-09-18,-33.56829892090298,33.299585690658894,5.599335761829428,42.11245981193975
2002-09-19,-31.987772669004624,35.28380343803256,6.252931123255223,40.72389487256416
2002-09-20,-32.78651770338516,35.31569597928717,4.43429166369378,40.49843717801832
2002-09-21,-33.050913155199034,33.85141416175691,5.587256978815481,39.041922342971716
2002-09-22,-33.31465464041012,33.8380062055146,6.055627603510323,39.56438766933623
2002-09-23,-33.16640462978891,33.2794340299842,6.541301284803517,39.13366823051384
2002-09-24,-31.678830435499624,33.31597082006909,6.079598613650725,38.28378791383712
2002-09-25,-31.578574817390844,32.91958638028282,5.024242318054265,38.45694246155486
2002-09-26,-29.573015671378194,32.00115976914892,4.015214489007989,36.19888091505923
